0.396032,-1.33261
-0.901361,0.189443
0.291781,0.289946
-0.124287,-0.352078
-0.169699,-0.352429
-0.182166,0.246613
0.709432,-0.33384
-0.231808,0.134507
0.124089,0.255401
-0.101724,-0.19314
0.698957,-0.00235114
-0.769129,0.735694
0.0811919,-0.497231
-0.91479,-0.534116
-0.38025,0.784964
-0.440484,0.455092
0.174092,0.591619
0.0867746,0.158323
0.386932,-0.117647
-0.196066,-0.752988
-0.271414,-0.0233706
0.0950821,-0.451522
0.395936,0.278669
0.398623,-0.138417
-0.10847,0.148297
-0.526976,-0.245062
0.473501,-0.610724
-0.0673742,0.0633934
-0.0445269,-0.119193
0.161248,-1.03587
-0.0517727,-0.558053
-0.248958,0.573882
-0.153677,-0.522709
-0.109308,0.892317
-0.306549,-0.431632
0.110319,-0.249553
0.0211981,-0.107586
1.30718,0.120155
0.299316,-0.654707
0.124008,0.033936
0.472367,-0.185325
0.440474,-0.206141
0.614701,-0.67535
0.24569,-0.643141
-0.0256337,-0.0777587
0.821345,-0.158005
-0.252602,-0.797003
0.0827246,-0.00631124
-0.136543,0.304612
0.00501088,-0.464864
-0.563965,-0.110768
-0.124414,-0.449528
0.0414691,-0.013996
-0.285634,-0.701622
-0.0904583,-0.119023
-0.187752,0.196074
-0.0408697,0.149661
-0.180648,0.514366
-0.185366,0.470223
0.249362,-0.497305
0.208104,-0.848009
0.681715,0.636176
0.363588,0.0877918
-0.0457116,0.10743
0.388533,-0.0148926
-0.311125,0.612668
0.397183,0.544473
-0.409752,-0.293078
0.664108,0.347969
-0.584977,-0.494578
0.666957,0.257167
0.118223,-0.151501
-0.112108,-0.0216843
-0.0166641,-0.41083
0.0296282,-0.908757
-0.987315,-0.319698
-0.271547,-0.544373
0.597479,-0.366421
0.252132,-0.211474
-0.40022,-0.276062
0.668893,0.45404
0.099931,-1.06058
-0.303878,-0.0380549
0.0677901,-0.304053
0.0865227,0.632506
0.307154,-0.0898831
-0.995458,0.608025
0.475183,-0.240405
0.257791,0.868969
0.448188,0.00199205
-0.721012,0.358906
-0.223623,-0.162412
-0.323209,0.27386
0.962663,0.593107
0.241065,-0.269227
0.365599,-0.57507
0.0280653,-0.441049
-0.157203,-0.0240222
0.347335,0.178123
0.132021,0.278953
0.222652,-0.325771
-0.625524,1.11089
-0.203471,-0.39845
0.108306,0.000311038
-0.481988,0.591678
-0.138968,-0.155861
-0.0238796,0.435724
-0.509663,-0.0106543
0.244783,-0.236567
-0.211186,-0.948445
0.0815719,-0.389159
0.713587,-0.333954
-0.44297,0.160572
0.123132,0.579794
-0.145007,-0.429434
-0.2882,-1.38189
0.4267,-0.626216
-0.189529,-0.378522
-0.334573,0.184707
0.184167,0.960177
-0.354802,0.432451
-0.0524805,-0.0457653
0.242176,0.11484
-0.331239,0.354092
0.563774,0.388562
0.336559,-0.477941
0.252292,0.319524
-0.0380032,0.344379
0.792145,0.558629
-0.416697,-0.757372
0.101845,0.0613474
-0.509935,0.534658
0.265836,-0.352354
-0.0187837,-0.199415
0.031005,-0.48245
-0.379791,0.0792715
0.155175,-0.59641
0.844559,0.0690978
0.372558,-0.0466429
0.222873,-0.00398566
-0.0759985,0.560545
-0.694468,-0.417493
0.127699,0.396795
0.12244,0.0574675
0.728855,-0.225856
0.177913,0.212768
0.183146,0.349007
-0.639794,-0.144615
0.327116,0.508377
0.0527451,0.510461
-0.0140251,0.0652129
0.679976,-0.9151
-0.605281,0.0899061
0.145983,-0.00732672
-0.417113,0.25436
-0.0786965,0.943677
-0.796472,-0.272202
0.495268,-0.288854
-0.272194,-0.276591
0.165823,-0.139566
-0.94091,-0.00686311
-0.312799,-0.948298
-0.0968842,0.0514056
0.187463,0.271313
-0.404101,0.246427
1.25847,0.149343
0.0145056,-0.742849
-0.121442,-0.435127
-0.52639,0.122703
-0.209821,-0.355975
0.172827,0.00354981
0.284129,-0.0615767
0.229996,0.158927
-0.758143,-0.51689
0.480606,0.473514
0.321165,0.56257
-0.363251,0.0787424
-0.479087,-0.0660137
0.196529,0.927128
-0.0118314,0.202835
-0.339507,0.983771
-0.499965,0.352043
0.239074,0.454796
0.208201,0.182855
0.0125516,-0.31459
-0.480581,0.155713
0.887336,-0.650081
0.173913,-0.528148
-0.879799,-0.42265
0.2975,-0.316356
0.674132,0.545743
-0.366446,0.13869
-0.0695386,0.0544925
0.723113,-0.521775
0.544476,-0.10727
-0.114266,0.265017
0.0761064,0.285232
0.0950433,0.437599
0.725818,-0.438237
0.740394,-0.066675
0.534419,0.268123
-0.379587,0.416721
-0.235987,0.239107
0.414416,-0.578479
-0.178173,-0.599582
0.342094,-0.341264
0.105721,-0.349381
-0.214248,0.112909
0.882329,0.168484
-1.02924,-0.774321
0.568875,-0.940225
0.143781,0.691764
-0.305871,1.1345
-0.00581277,0.111352
-0.177655,0.0284123
0.381626,-0.470072
0.775433,-0.856805
0.502318,0.111143
-0.274202,-0.780493
-0.120285,-1.14644
-0.875339,0.388222
-0.10725,-0.007756
-0.525981,-0.102951
0.0540008,-0.047894
-0.0672519,0.277083
-0.58061,0.242882
0.134712,0.42151
-0.353788,-0.759198
-0.154883,0.282985
0.445139,0.238561
-0.336176,0.726845
0.165352,0.272738
-0.648237,-0.394359
0.360262,-0.502605
-0.13784,0.139872
-0.752727,0.276578
0.401226,-0.412313
-0.995206,0.22411
-0.684892,-0.059482
-0.0356118,0.879279
0.750851,-0.158647
0.62568,-0.357403
-0.352599,0.666803
-1.01037,0.0722848
-0.305112,-0.0665011
-0.103558,-0.319643
-0.0616364,-0.0171948
0.4076,-0.0978796
0.858851,0.550006
-0.0441569,0.371086
0.508513,-0.0663794
0.2358,0.41266
0.666732,0.389051
0.874745,0.0516571
0.212133,-0.0466939
-0.0568867,0.668131
-0.0839463,0.365209
-0.667042,-0.107171
-0.835911,0.501421
-0.0429779,1.0785
-0.0196212,0.107333
0.261278,0.105151
-0.0616954,0.411867
-0.422642,0.296027
-0.165271,-0.173707
0.487741,0.125979
0.137095,-0.331857
-0.0482442,-0.261327
-0.542999,0.545923
0.510078,0.0978596
0.331122,-0.233841
-1.12605,-0.21579
0.013809,0.885858
0.983387,-0.316354
-0.00987224,0.218568
0.014856,-0.183798
-0.71075,-0.78682
-0.537063,-0.283286
-0.483513,-0.141506
0.0187452,-0.326493
-0.224043,-0.0597336
0.560213,-0.199912
0.431971,0.278661
-0.753862,-0.0477432
-0.235023,0.187981
-0.41803,-0.249516
-0.0963997,-0.293478
-0.363477,0.149385
0.344676,0.224748
0.709447,0.169517
-0.415187,0.241346
-0.380035,-0.186236
0.619243,0.588194
0.438928,0.279732
-0.0302094,0.453766
-0.392079,-0.664966
-0.581747,-0.922016
-1.1396,0.0164947
0.142872,0.213472
0.830855,-0.667437
-0.314288,-0.251627
0.139381,0.00452363
-0.386748,-0.0353721
-0.0625305,0.168685
0.000290576,0.0578496
0.958728,0.325114
0.0599562,0.138141
0.0817333,-0.281914
0.172301,0.0448341
-0.0813569,-0.252488
0.415105,-0.394646
-0.547885,-0.348103
0.148814,-0.318053
-0.262324,0.249972
0.578868,0.183207
0.000687384,-0.223891
0.763626,-0.192923
-0.263478,0.201779
0.0555918,-0.424001
-0.218117,0.352529
0.300799,0.21701
0.18107,0.291916
0.198064,0.380663
-0.17279,-0.00755634
-0.706274,-0.325244
0.330935,0.207391
-0.203801,-0.67316
0.528362,-0.740263
-0.0480808,0.338765
-0.0852751,-0.289906
-0.884281,-0.0919491
-0.409655,-0.36123
-0.447308,0.422851
-0.458207,0.0999054
-0.0852347,0.385304
-0.0864325,0.74767
-0.192744,-1.22333
0.315168,0.263674
-0.77176,-0.241548
0.571248,0.398526
0.262749,-0.0878431
0.548344,0.019973
-0.570556,-0.127309
0.592183,-0.408886
0.459897,0.283437
0.361686,-0.019187
0.257031,0.0170515
0.365521,0.0868859
-0.580698,0.252561
-0.0834954,0.32803
0.173197,-0.268613
-0.664682,-0.148756
-0.853919,0.138657
-0.119006,0.699614
-0.75668,0.757596
-0.0790281,-0.681495
0.433696,-0.237093
-0.490079,0.375251
-0.396834,0.246331
0.564969,1.10034
-0.0870339,-0.359593
0.357148,-0.476898
-1.23165,-0.0988615
-0.434636,-0.407236
-0.172579,-0.251794
-0.217094,-0.262978
-0.521901,-0.237565
0.190759,0.152607
-0.284949,0.0137569
-0.431175,-0.105262
0.217278,0.0663335
0.130908,-0.0121231
-0.0809508,0.626543
-0.360555,0.469411
-0.175049,-0.111519
-0.271108,0.0838564
0.0331529,0.181859
0.537561,-0.0998043
-0.305214,0.351687
-1.45495,-1.17452
-0.0676261,0.765504
0.152055,-0.513257
-0.642445,0.692465
-0.487445,0.202299
0.0250222,0.206909
0.0331388,-0.837846
0.451032,0.365513
-0.0885885,-0.244025
0.564505,0.094667
-0.139627,0.060066
0.0519066,0.297217
-0.307625,-0.0870205
-0.256447,0.396644
-0.126969,0.16903
0.530535,0.769392
0.0595736,0.191445
-0.204061,-0.619167
0.1433,-0.693801
0.178053,0.640466
0.486922,0.201739
-0.687245,0.243226
0.188622,0.404848
-0.475167,0.109824
0.260275,0.88613
-0.295505,-0.216569
-0.261754,0.258678
-0.258854,0.44117
-0.703522,0.0153105
-0.675889,-0.672717
0.384148,0.180327
1.09852,-0.941488
-0.0464795,0.0393268
-0.199938,-0.177691
0.150912,-0.942256
-0.305257,0.464917
0.421747,0.132281
0.147611,0.816882
0.544831,-0.387915
-0.693477,0.475524
-0.271802,0.429849
-0.0170152,-0.598653
-0.228501,0.568883
0.285473,-0.0407206
-0.0835134,0.0854821
-0.851048,-0.131046
0.319487,-0.0752076
-0.0618047,1.06149
-0.0931643,0.775086
-0.335139,0.669934
0.474048,0.035454
-0.680717,0.458288
0.178156,-0.122086
-0.383762,-0.0934673
0.349621,0.222107
-0.289936,-0.766741
0.0584862,-0.238405
0.679046,-0.252347
-0.423822,-0.345839
-0.330386,-0.346916
-0.0202752,-0.440803
-0.371645,0.0441668
0.149502,-0.382165
0.37568,-0.0402854
0.202294,0.222194
0.286658,-0.518652
0.398799,0.240464
0.155035,-0.197101
0.494124,0.0872775
-0.182248,0.557381
0.621038,-0.283661
0.358532,0.638095
0.750787,0.0393257
-0.471381,-0.649232
-0.343332,-1.03109
-0.625792,0.48568
0.3225,-0.420398
0.10569,0.46464
-0.0920261,0.387038
-0.403557,-0.606639
-0.717853,0.121822
0.570372,0.401139
0.734874,0.149234
0.349467,-0.277604
0.401966,-0.198713
-0.0071185,-0.617019
-0.478238,1.21898
-0.438224,-0.133585
0.268146,-0.306815
-0.242217,-0.715819
0.0209321,-0.0321004
-0.470991,0.0204752
-1.06341,0.183621
0.725412,-0.398879
-0.910821,0.012549
-0.458628,-0.587537
-0.928245,0.120626
0.206725,0.857563
-0.0424128,-0.363437
-0.0418489,-0.225855
0.221914,-0.27231
0.118819,0.213684
-0.21397,0.301254
-0.0181239,0.776088
0.305482,0.341566
-0.0558755,0.542105
-0.0848081,0.120734
0.254024,0.238189
-0.358202,-0.692022
-0.272731,-0.226147
-1.4665,0.486641
0.233809,-0.499098
-0.296713,-0.226246
0.656302,0.642128
-0.0642209,-0.639491
0.195304,0.191433
0.0345861,-0.15591
0.461681,-0.150602
-0.0319003,-0.281636
-1.21572,0.226558
-0.0237778,-0.0326953
-0.453152,0.22604
-0.514725,-0.270264
0.562498,0.25565
-0.0539775,-0.0755449
0.241843,-0.254203
-0.152307,0.14151
-0.325554,-0.129341
-0.175524,0.225316
0.430414,-0.365217
0.331362,0.333278
0.133395,0.429394
0.246191,0.526069
0.0623862,0.292886
-0.124443,-0.354712
0.407633,0.371176
-0.262334,-0.381887
1.21853,0.408493
-0.333239,0.168146
-0.324125,0.536867
-0.470126,-0.628288
0.0226613,0.272521
-0.734169,0.807342
0.6028,-0.00902795
-0.137156,-0.241572
-0.372111,0.352722
0.395326,0.248304
-0.083518,0.799014
-0.16132,0.466774
0.161874,-0.91966
-0.299545,0.285125
-0.113472,0.166151
-0.340398,-0.0464309
-0.870111,-0.137733
-0.167064,-0.0458181
-0.262206,-0.374349
0.674427,-1.10674
0.133402,-0.851792
-0.43794,-0.946579
-0.524467,-0.892122
-0.203751,0.131973
0.0236793,0.340548
-0.192928,-0.133912
-0.218091,0.220248
0.424652,-0.0747516
-0.532005,-0.359103
-0.0848522,-0.391316
-0.633408,0.303248
-0.123235,-0.607966
-0.215778,-0.0619141
0.339781,-0.116056
-0.244934,-0.292769
0.609283,0.223841
-0.00185282,0.19717
0.0433104,-0.604341
0.570564,-0.322434
0.433721,-0.787848
0.865302,-0.0252678
-0.237971,0.117076
0.361769,0.108566
-0.0634494,-0.849711
0.13612,0.265465
0.307539,-0.407413
0.198258,0.160529
0.617831,-0.180127
0.097932,0.0452988
0.166982,-0.758342
0.251866,0.021798
0.365036,-0.168521
0.025384,-0.791148
0.247922,0.502384
0.307646,-0.534315
0.222068,-0.18328
-0.146724,0.108747
-0.959588,0.0366617
-0.239954,0.474866
0.495417,0.0521274
-0.600385,-0.0407302
-0.48678,0.147633
0.092446,-0.276995
0.282632,-0.185415
0.240214,-0.240355
0.0614165,-0.335176
-0.147806,-0.212753
-0.025318,-0.284975
-0.309287,-0.472693
-0.388656,-1.01077
-0.239344,-0.0290478
-0.624796,0.100432
0.235484,-0.0631981
0.0812997,-0.198416
-0.179576,0.209266
0.175724,0.386989
-0.361082,0.0281988
-0.0963751,0.153981
0.0618698,-0.694458
-0.336003,0.0129645
-0.358568,-0.344269
-0.498195,-0.0798599
0.278055,0.611743
0.256101,0.298312
-0.174777,-0.562701
0.534555,-0.430119
0.159253,0.283041
0.608868,-0.180813
-0.304704,0.397031
0.943287,0.271749
0.161162,0.144164
0.401658,-0.337607
0.314692,0.287707
-0.271792,-0.380954
-0.303729,0.376368
-0.145373,-0.843097
0.308528,0.324974
-0.0586341,-0.531646
0.0869135,0.684664
0.379828,0.19173
0.551002,0.381139
-0.669593,-0.117569
-0.465345,-0.236206
-0.0165928,-0.413978
0.104835,-0.389205
-0.0810989,-0.430067
-0.24315,-0.146345
0.269549,-0.135565
1.23444,-0.10414
-0.658814,0.0413844
-0.742936,-0.245119
-0.322937,-0.588303
-0.269124,0.00415479
-0.241227,0.378563
-0.604741,-0.2457
-0.149709,-0.735996
0.571895,0.329188
0.212569,0.579395
0.112621,-0.681786
0.197226,-0.419557
-0.510584,-0.61952
0.30438,0.21212
0.277123,-0.750295
0.28795,-0.862847
-0.152005,-0.173677
-0.302205,-0.0462363
0.0348364,-0.223258
-0.65604,0.496512
0.695794,0.202812
0.210081,0.100271
-0.148637,-1.05307
0.805369,-0.0411507
-0.706563,0.288078
-0.0608465,0.278554
-0.647019,-0.0182873
0.237806,-0.182591
0.591758,-0.684674
0.59451,0.163371
0.223756,-0.175668
0.149455,0.311323
-0.753032,-0.068199
0.209297,0.111401
-0.515045,0.696089
-0.577374,-0.338015
-0.0892697,-0.0559739
-0.278944,0.00490163
0.988155,-0.76125
0.184499,1.26679
-0.0351776,-0.370825
-0.752158,0.61403
-0.0202887,-0.12163
0.325389,-0.538221
0.231605,-0.932953
-0.546348,0.137218
-0.0842605,-0.140692
-0.0428761,-0.22911
0.422998,-0.145209
0.60514,-0.302266
-0.341366,-0.18068
0.235989,0.178377
-0.686692,0.672244
-0.6102,-0.059433
0.186715,0.101049
-0.22735,-0.586487
-0.512442,-0.355235
0.655851,0.0596761
0.0667208,-0.919991
-0.169506,0.453746
-0.225886,0.0827535
0.528555,0.0161496
0.509209,-0.0979727
-0.46606,-0.144419
0.519488,-0.0208711
0.0280322,0.490893
0.159299,0.160531
0.0768073,-0.849693
-0.417222,0.06379
-0.198246,-0.240091
-0.194534,-0.214879
0.00761755,-0.243935
0.092525,0.0632059
-0.521833,-0.195758
-0.136381,0.156687
0.134078,0.0496723
-0.749263,-0.568845
-0.368424,-0.673473
0.166313,-0.743635
0.267963,-0.422591
-1.01797,0.221249
-0.516204,0.0176243
-0.661672,0.0282844
0.120341,0.359875
-0.579397,-0.307044
0.355756,0.0205341
0.120355,-0.166884
-0.419588,-0.224168
0.121489,-0.526235
0.257882,0.0779513
-0.0027608,0.0580882
-0.174811,-0.42421
0.818593,-0.681001
0.463279,-1.18739
-0.0446041,0.710014
-0.150767,-0.166938
-0.598745,0.201303
-0.0354861,-0.448219
0.384658,-0.206314
0.0340477,-0.49909
0.810219,-0.140763
-0.150725,-0.573131
-0.572029,-0.519707
1.02,-0.0249219
-0.153926,-0.0538525
-0.000882827,-0.22129
-0.0941009,0.336591
0.53861,0.144938
-0.516707,-0.879762
0.672227,0.0135178
-0.920843,-0.874211
-0.152784,-0.604485
0.246175,0.195253
-0.361533,-0.501685
0.917528,-0.642294
0.452449,0.602701
0.101228,0.117911
0.405909,-0.110797
-0.352106,0.162284
-0.51277,-0.439995
0.00376702,-0.657373
-0.277437,-0.316737
-0.469706,-0.039016
-0.186266,-0.321948
0.116565,0.159757
0.243857,-0.215639
-0.520568,0.493816
0.411976,-0.301212
-0.239224,-0.0390758
-0.188297,-0.0170122
0.792709,0.0662052
-0.526413,-0.220026
-0.424644,0.277187
-0.162075,0.327956
-0.169376,-0.252494
0.141399,-1.10545
-0.466619,0.952239
-0.0888945,-0.105195
0.373607,0.926861
0.314383,0.176743
-0.214994,-0.0505375
0.630142,0.34742
0.445844,0.375221
-0.540561,-0.0436832
0.396275,0.10366
0.29394,0.231351
-0.271145,0.151711
0.0650812,0.538915
0.0315941,0.533282
0.138928,-0.612281
0.354614,-0.74445
0.177431,-0.208912
0.616341,0.404631
-0.903057,-0.590316
-0.0590144,0.113376
-0.389847,-0.00592653
-0.31937,0.823425
-0.513577,0.279204
-0.252231,-0.392177
0.312242,-0.255199
0.159965,0.221424
0.229882,-0.28262
0.47268,-0.360761
-0.422643,-0.78009
-0.103663,-0.109446
-0.96159,-0.532192
0.38833,0.224627
-0.0136801,0.304254
-0.294317,0.460889
0.499658,0.0555262
-0.273563,0.00416294
-0.144007,-0.0627638
-0.261456,0.812999
-0.476149,-0.273656
0.106968,-0.547523
0.0401543,0.201424
-0.0772061,0.0709169
1.00032,-0.913536
0.525571,0.356863
-0.172696,0.101601
-0.854422,-0.928838
-0.454838,0.222529
-0.158517,-0.404086
-0.330514,0.0455606
-0.611392,-0.0924951
0.384309,-0.157363
-0.224763,-0.332144
0.303947,-0.130142
0.0371753,0.246191
-0.304521,-0.387513
0.459216,0.132856
0.545485,0.377256
0.358979,-0.163139
-1.04767,-0.0418504
0.25217,0.00384451
0.14665,-0.137074
-0.0137787,-0.332655
-0.0689525,0.191488
-0.495674,-0.364841
-0.67401,0.112606
-0.0933943,-0.37193
-0.0816982,-0.00915851
-0.0846487,-0.329209
0.383927,0.303925
0.941261,0.0125648
-0.53754,-0.647744
0.128169,0.263894
0.250098,0.323812
-0.254882,-0.76308
0.343898,-0.260414
0.861386,0.167318
0.269876,-0.15104
-0.306971,-0.152829
0.44879,-0.516945
0.100395,-0.128203
-0.758985,-0.204855
0.320352,-0.158261
0.421246,-0.135173
0.208547,-0.138472
0.0734892,-0.113206
-0.160251,-0.167657
0.479217,-0.0582552
0.181803,-0.575425
1.04881,0.158643
-0.289245,-0.210639
0.336026,-0.17026
0.983512,0.243961
0.463872,0.506044
-0.371937,-0.271757
-0.184643,0.249877
0.257162,-0.0592082
0.692211,-0.433149
0.961257,0.679714
0.341036,0.747301
0.255819,-0.207542
-0.19217,0.725888
-0.491181,0.193295
0.0652051,-0.303034
0.105195,-0.561344
-0.28039,-0.0652998
-0.562103,0.0415836
0.361532,0.241957
0.311084,-0.345087
-0.0604595,-0.504781
0.170125,0.30723
-0.422048,0.0119096
0.0807081,-0.0394792
-0.59746,-0.319133
0.497701,0.0735236
0.5694,-0.45067
-1.30844,-0.21802
-0.315409,0.614322
-0.645315,0.339526
0.320048,-0.488661
-0.833446,-0.168356
0.207264,-0.333325
0.340454,0.0784941
-0.392355,0.74747
-0.70971,0.241943
-0.37395,-0.492042
-0.104368,-0.0630813
-0.701679,0.0690039
-0.869953,-0.0284347
-0.40643,0.740656
0.354307,-0.512976
-0.355226,-0.488326
-0.460968,-0.309592
0.0310005,0.113895
-0.516121,0.716549
-0.0233037,0.238128
-0.488677,0.481391
0.388275,-0.584851
0.698299,0.161358
0.0488,-0.239974
0.65655,-0.927976
-0.90339,-0.0454947
0.240462,0.217759
0.595138,-0.319321
-0.25943,0.889699
0.216549,0.415538
-0.0678362,1.0453
0.112555,0.302527
-0.431981,0.0947887
-0.088304,-0.00863722
0.108187,-0.684823
0.12825,0.514218
0.29776,-0.98061
-0.0556589,-0.605008
-0.057781,0.173794
0.359623,-0.311934
-0.337599,-0.390909
0.646708,-0.95848
-0.257262,0.493134
0.118579,-0.183231
-0.00183285,0.155249
0.392389,-0.406313
-0.778573,0.931154
0.27206,-0.581835
0.254895,-0.0485328
0.102022,-0.902554
-0.614834,0.204471
0.877578,-0.145829
0.0607741,-0.418094
0.528623,-0.329828
0.381122,-0.728164
0.139656,0.374284
0.098147,0.208719
0.550715,-0.522213
0.261264,0.457957
0.19914,-0.523613
-0.439923,0.0409802
0.622423,1.53045
-0.0335749,0.93466
-0.0744873,0.469339
0.337935,0.378752
-0.339801,-0.0577842
-1.00895,0.20057
-0.268045,0.671516
-0.0522626,-0.758993
-0.303505,-0.384751
0.402172,0.518917
0.131494,-0.0207381
-0.690748,0.556006
0.0203443,0.310535
0.582911,0.187643
0.282378,0.278977
0.600274,0.1677
0.521353,0.283808
-1.25467,0.196521
0.342494,0.335232
0.817923,-0.348117
-0.703035,0.0538787
-0.104782,-0.0626239
-0.623235,0.129212
-0.354393,-0.274932
0.640655,0.202152
-0.118361,0.813833
0.0950353,0.0802185
-0.131207,0.523523
-0.204064,-0.0402343
-0.599477,0.0997416
0.756728,0.596113
-0.275866,-0.0214765
0.0966166,-0.370745
0.167524,-0.966562
1.20577,0.645431
-0.459376,0.256999
-0.32691,0.201139
0.474579,-0.254658
0.475998,-0.67053
0.302347,-0.480907
-0.0609419,0.158074
0.804321,-0.405632
-0.0133096,-0.0474566
-0.406558,-0.39497
1.01057,0.0598129
-0.361823,-0.00210537
0.869657,-0.567269
0.632083,-0.403962
0.0325162,-0.0936329
-0.799665,-0.19258
-0.338103,0.530562
0.20549,-0.215505
0.421443,-0.00854612
0.509257,0.166722
0.26113,0.138449
-0.262126,-0.455408
0.214085,0.655447
0.167878,0.276733
0.651045,-0.27547
0.361981,-0.558162
0.681903,-0.00296391
0.520665,-0.177871
0.713831,0.00723682
0.116179,-0.399218
0.758707,-0.352888
-0.838564,-2.69552
-0.244209,-0.38161
1.18546,-0.422785
1.03072,-1.35068
1.47182,-0.560293
-0.436043,0.83164
2.09505,-0.190189
-1.6769,-0.120947
0.334641,-0.125649
0.449431,-0.336434
0.439226,-0.0598683
-0.860385,1.06219
2.92475,1.95616
-0.59451,-0.146279
-0.0338747,0.583976
3.08362,1.69345
-0.890485,0.418404
0.766719,0.955089
0.192412,0.633427
0.978877,-1.48138
-2.0282,-1.90161
-1.83925,-0.326622
3.05762,-2.79606
1.37226,0.830498
0.665736,0.224778
0.784328,-0.381989
3.17632,0.552698
0.518969,-0.83345
0.41867,-0.987164
2.01778,-1.73964
-1.40325,-0.680838
1.19951,0.290246
-1.84624,-1.26656
-0.366402,0.836986
-0.00211229,0.338222
-4.02874,-0.369966
-1.57141,-0.513718
1.34656,-0.878322
-1.71337,0.698696
-1.37636,-1.12451
1.17598,-0.273174
2.22391,0.884541
2.16468,-1.05237
0.372627,1.01377
1.73903,-1.16286
1.62486,1.90563
-1.24747,1.07551
0.184147,-1.1867
-1.67293,-1.60289
-0.867047,0.0599801
-1.72695,-1.84509
0.300567,-0.216234
-1.05628,2.50805
0.714338,0.180351
-2.11627,0.543647
-0.549309,-0.900128
-0.563468,2.00203
-2.42381,-0.47875
-0.658423,-2.15268
2.79651,0.00659402
0.102369,0.181203
-0.386981,-1.23616
-0.8699,0.90657
-3.42543,0.944557
0.914829,-0.440817
1.10425,-1.15709
-1.3814,-1.99063
-0.0281992,0.31985
0.324071,-1.16805
0.632272,-2.35867
-1.1127,-0.0919305
-0.112756,-2.36364
1.65169,-0.0787842
-1.11515,1.70207
1.72517,-0.988992
1.15684,-1.61787
-1.93934,-1.8538
-1.00251,-0.549446
-1.25096,-0.10372
0.453282,1.2795
0.415242,2.57554
0.426767,-0.913614
1.84507,-0.0878956
0.282641,-1.44888
0.518477,1.54352
0.265525,1.63324
-1.37996,2.29277
0.650312,-0.44318
-0.00782584,4.26411
-0.604874,0.174764
1.01891,1.1102
-0.450692,-0.162377
-3.42259,1.65155
1.09536,0.200176
-0.347258,-0.502206
1.32925,-0.26322
-1.3385,1.49093
0.135889,1.18036
-1.42069,0.183854
-0.416947,-0.988561
3.94187,-1.94917
-1.20712,-0.517058
-0.957331,-0.360506
0.162524,0.462866
-0.912288,1.30171
-1.97088,1.26452
0.0433972,-1.26937
-0.0880042,-0.84904
0.742076,-2.60701
-1.69067,-1.77318
-0.853086,-0.876041
2.0356,0.298972
-0.772385,-1.04543
0.88106,2.30209
-1.65951,0.31202
-0.432887,-1.11925
1.17948,0.161642
0.217515,1.33864
0.470564,1.58164
-1.67763,1.99026
-0.212282,0.34804
-0.724344,1.04062
2.08233,-0.361587
-0.776995,0.161839
-0.00658745,2.12915
1.37941,-0.703378
0.4973,1.66563
-1.71455,0.00616566
-0.768985,-1.61097
-0.769339,-0.837055
0.549368,-0.0969291
0.456369,0.47054
1.61509,0.0646392
2.14614,-2.86645
3.05031,-0.96488
-1.89665,-0.994332
0.798563,1.7812
3.26583,-1.54213
1.20073,-2.40467
1.88558,-0.782824
-0.498512,-1.12436
-1.78631,0.12759
-0.85882,0.164242
0.806112,0.336553
1.7285,2.2242
-1.75637,0.259277
-2.27738,1.88844
-1.60304,0.505096
0.24512,1.19967
1.24468,-0.807243
-1.19514,-1.90249
0.535469,-0.566944
1.48446,1.85044
-0.991696,0.11697
-1.25042,1.75277
-0.866199,0.117052
-0.290701,1.68095
0.710694,0.929549
-0.186009,-1.36406
1.64882,-1.00065
-0.893839,-0.333738
-0.0811966,0.157617
-0.131456,2.08325
-0.722966,1.34859
1.6571,0.372356
3.76541,-0.0348911
-0.255004,1.58887
-1.39251,-0.279404
-0.615162,-0.930818
-1.10743,-0.225554
-0.824077,1.88282
0.905304,-0.879449
-0.147654,-0.2178
0.343292,1.34302
-0.404368,-0.943797
0.161985,2.88149
0.811062,-0.235482
-1.19249,0.275756
-0.779586,1.29113
1.06286,-0.758857
0.2506,-0.410921
1.4436,0.911243
0.507338,-1.11236
-0.301483,-1.92941
-0.250759,-1.74718
-2.29853,-0.50879
1.18415,-1.72154
0.192826,-3.68729
1.59125,-0.190241
-0.569616,0.306026
1.77024,-0.0408556
0.0774317,1.4304
-0.0144682,-0.32136
-3.26307,1.31771
-0.353902,0.543571
-1.01,0.299618
-2.85151,1.41905
-0.773354,0.664677
0.0859923,-1.55454
2.11844,1.80345
1.65467,0.0166416
2.54512,1.06427
-3.00904,-1.64026
0.49893,-1.03295
0.141484,1.02513
-0.790442,-1.94318
1.3186,0.0423422
-0.686735,2.47098
2.03798,2.13544
-0.973401,-0.925727
1.99686,0.609633
-0.660523,1.42897
0.641736,2.62718
1.04055,-0.688591
1.79395,-2.37482
1.36865,1.15248
2.66074,-1.74639
0.399763,-0.206022
-0.932342,-2.18448
1.26312,-0.117482
0.28968,0.201745
-0.86867,0.564953
-0.763658,0.788316
2.902,3.07104
2.67223,-1.90189
-0.993013,2.76022
-2.37608,-0.209011
0.31654,-1.63025
-1.83996,-0.338698
1.27745,1.14185
0.517279,1.82096
1.1921,0.0805277
-1.74237,-1.25469
0.881321,0.840883
-0.132138,-1.72307
-1.17166,-1.39025
0.382617,-2.94524
-2.85934,-1.84974
-0.362636,0.659657
1.94771,0.954487
0.399946,1.32506
1.87418,-0.103125
0.672326,1.18846
-0.545048,0.619089
0.522884,1.29909
-0.0458456,0.595414
-0.870693,-0.00926819
2.04865,-1.71671
-0.47607,-2.19736
0.602105,-0.352422
0.147691,1.26382
-0.329105,1.67778
0.665847,-0.287886
0.806874,2.42855
-0.709473,1.374
0.252102,1.10584
-1.0165,1.569
-1.7352,-1.65155
-2.55838,-0.0911203
-0.136571,1.56508
2.58999,0.884614
1.62975,0.992759
1.13555,-0.584977
0.624282,0.0559965
0.328247,-0.913948
0.299392,-0.456288
0.607334,-0.352576
2.22107,-1.46396
-2.86977,-0.982894
1.01351,1.72414
1.01439,2.8098
-1.03245,-0.22969
-0.102284,2.41238
0.779288,-1.42903
0.754079,-0.365744
-0.0018251,1.59923
1.51649,-0.369968
-0.528829,-0.676554
1.37612,-1.68197
0.813587,0.744223
2.15904,0.6813
0.216582,0.546603
1.41044,0.259534
-0.0130412,1.26854
-0.738462,2.4862
1.8606,-0.801402
0.371495,-3.49201
-0.258084,-1.35754
-1.2302,1.62004
1.6648,0.514457
-0.587858,0.557303
0.0441968,-2.01393
2.83034,1.08629
1.48074,-0.76867
-0.699718,0.806978
-0.80974,-0.538426
-1.6479,0.160572
-1.23442,-2.07839
-0.591601,1.92778
-0.36804,-0.693945
0.886271,-1.8802
1.61757,-1.08186
-2.13926,-0.233896
1.05537,2.23807
-0.0326372,-0.86163
0.599597,-0.107176
1.36557,1.70344
-2.05788,-1.30375
-0.247271,0.951719
-0.836767,2.34489
-1.3263,1.11204
-0.72919,-0.388843
0.668332,0.349745
1.24405,0.336336
0.958192,0.115287
1.3484,-0.49725
-0.357726,-1.67003
0.789457,0.861022
1.17576,-3.02637
0.802953,1.92041
-1.64676,0.524455
0.998584,1.12407
0.905915,1.39554
-0.293811,0.73594
-1.62771,-1.04376
-0.719731,1.11411
0.479307,0.513773
-2.04344,-0.306824
-0.592086,-1.20913
0.351002,-0.460625
0.132174,1.16291
-0.803096,-1.13292
1.05982,1.45847
0.19917,-1.38781
1.31607,-0.435296
-0.761125,-0.148013
-0.326424,-1.11461
-1.46005,-1.96428
0.180143,2.00025
1.69098,-0.0910481
-0.420912,-0.291721
2.17222,0.594613
-0.662058,-0.553848
-0.0542661,-1.16239
0.245059,-1.51556
-0.589928,-0.549753
-1.92647,0.438434
0.299186,-2.67848
-1.86953,2.04784
0.188359,1.73233
-0.294003,-0.708124
-1.73918,0.445155
-3.20433,0.680658
0.387089,2.60859
-2.28531,1.23266
-0.653039,-2.10601
-1.7311,-1.24934
-2.68486,1.63375
-0.397154,0.064462
1.58163,1.13833
0.827236,-1.41161
-2.92729,1.027
0.860366,-0.310445
0.900448,-1.79752
0.593556,-0.810021
-1.86588,2.89216
-0.0950991,-1.94596
-1.8383,-2.47477
0.9196,1.2796
-1.25245,-0.891216
0.363739,0.257209
1.66211,-2.28842
2.12415,0.191745
1.26908,-0.389557
0.361367,1.94666
-2.26588,2.24125
1.66992,1.96649
0.152603,0.904026
-1.80203,0.607018
-3.12781,-1.63964
-0.0622444,-1.33085
-0.316284,-0.34215
1.70222,1.73114
0.133303,-0.999811
-2.86022,3.87971
0.227783,-2.65027
-1.71831,2.56716
1.66236,2.08409
0.842916,0.669352
0.548202,2.52523
-1.01219,-2.6636
-0.151068,-1.54291
1.55521,-0.635079
-0.303829,0.844253
-1.26865,0.855365
0.331512,1.46299
-0.193913,1.04999
0.00928868,-0.746787
-1.47076,-0.460528
0.20797,-0.49952
-1.15676,-3.40946
0.957101,0.465716
-0.60312,-1.23723
1.55967,-1.15115
-1.7026,-0.138068
0.976919,1.6576
-0.956346,1.75671
-0.0043751,0.141299
-0.0620357,-3.19313
1.23886,-2.42946
0.258183,-1.54318
0.609174,0.254609
0.345081,1.01398
-0.373545,-3.08493
1.17838,2.67055
1.95538,-1.29286
1.59416,1.50364
3.08759,-0.454476
0.303109,1.72695
-0.0995421,-0.0948293
-0.27391,-3.4676
-0.580647,-1.68737
-0.310275,-1.2313
-0.817894,-0.642059
-2.35522,1.68515
2.12119,1.25177
1.36371,-1.41916
1.89739,0.144215
-2.35297,0.0723876
1.51139,-0.65033
-0.98982,-0.35643
-0.822626,-0.347456
0.235468,1.59214
1.39204,1.27478
1.42208,-2.68584
-0.0329966,-0.921549
0.546931,-1.65897
-0.845618,0.353816
-0.97886,-3.57023
1.68458,0.372391
-1.45015,-1.60571
2.03411,-2.3837
-0.248245,-1.33957
-1.76888,0.520964
1.71544,-1.15121
-1.00382,1.61151
0.0778732,0.705428
1.6495,-2.15747
0.0949615,3.31508
1.36478,1.65317
2.2097,-1.3708
0.676303,0.236704
-0.017027,-0.26929
-1.93491,-2.75894
-1.60424,2.10392
-0.265276,2.71281
-1.2319,0.0344544
0.0886549,0.607883
-0.955231,1.66385
-1.66076,-0.442891
-0.279211,-0.851213
1.8307,0.526422
1.43949,1.25578
2.10781,-0.119021
-0.529932,-1.57153
1.83861,-2.56742
-1.11788,0.945313
-2.32019,-0.366444
0.345386,-1.7614
1.52542,1.19481
-1.15646,-0.553814
-1.06447,2.62645
-0.0345918,1.58407
0.941899,-0.975777
3.20167,-2.16715
0.29233,0.185223
0.594844,-2.41789
0.72212,-0.209093
0.307256,-0.726874
0.582766,-0.0787928
-1.14913,0.995052
2.11382,-0.472533
-1.7798,-1.16762
2.06035,-0.759649
1.31818,-0.235651
-1.48381,2.91828
-0.624682,-1.02172
0.0599865,-2.6279
-0.539232,-0.0886249
-2.42022,1.19707
-0.0190411,-2.83375
0.960549,-1.46823
-1.61624,1.58374
-1.70764,-2.36228
0.449532,0.376449
0.34177,-1.12231
0.00411702,-0.474458
-0.18541,-2.51429
0.0122395,-1.62933
-0.643882,1.3613
1.96191,-1.78589
-1.20917,-1.38839
-0.2232,0.947102
-1.67817,2.03942
-3.06015,-1.14329
-3.03684,0.965024
-0.48796,-1.66624
-1.25658,2.38147
1.07706,0.292317
0.359864,0.183945
-0.690337,-1.40378
1.0767,-0.632331
-1.7515,-1.45061
-3.35471,-1.38622
1.48872,0.598321
-1.88115,-2.52399
0.886045,0.844169
-0.772339,-3.87181
-0.217171,3.00182
-1.75739,1.93111
0.221058,-0.253783
-1.45247,1.70139
-0.44782,-0.187418
0.863798,0.227057
1.86181,0.34672
1.28081,0.37371
-1.58118,-0.635312
-0.434408,-1.06483
1.22991,-0.134189
0.224734,-0.272421
-1.8653,0.301357
0.571032,-1.64378
-1.56454,-2.71759
-1.92269,1.2847
1.48554,-0.869137
-1.64944,-0.855803
1.66591,-1.54028
-0.0685623,-0.519302
-4.40166,0.574758
-0.577588,1.29592
-2.07174,-0.0118278
-0.680184,-0.836981
-0.490862,-1.1615
0.120417,-1.07762
-0.887933,-0.353499
0.395336,0.261957
-2.40059,2.36096
-3.19966,-2.62033
0.583811,3.2564
2.46102,-0.850124
-1.36336,-0.392618
2.02233,1.91559
1.93794,0.0890742
0.790278,-0.840794
1.52253,0.486368
1.33212,-2.23426
0.601048,-0.64969
0.81869,-1.47758
0.232715,-0.564323
-1.31483,-0.567616
0.794695,0.796252
0.805074,-1.54543
-1.72222,-0.577975
2.2151,-0.432722
3.04773,0.439391
1.84537,-0.173563
0.669463,2.86351
1.36765,-0.564076
0.710262,2.36407
-1.98529,-0.650667
-0.892348,-3.97219
-0.63141,-0.962545
-0.414632,0.0236164
1.04705,-0.318519
-1.4148,1.82605
-0.799311,1.40833
-0.118948,-2.58757
1.68734,-0.353839
-0.154177,-0.12436
-1.44487,-1.1781
-1.65513,-0.788208
-0.855169,0.56042
-0.918447,0.462245
2.43347,-0.0514896
0.262418,1.15954
-0.125677,-2.09983
-0.0669514,-0.19401
-0.00148484,1.44646
1.60928,-1.38407
0.702688,-0.668297
-0.343017,1.32097
-0.158676,1.59217
-0.936818,-1.87844
-0.987952,1.01158
1.12691,-0.260992
-1.21528,-0.803579
0.237187,-0.849608
-1.40757,-0.154717
1.53011,1.46573
-0.475139,0.104795
-2.28091,-1.48705
-2.69167,-2.85162
-0.124098,-1.54936
2.28502,2.30437
-0.965383,1.26241
3.03748,1.54957
-0.0899684,-0.506825
-0.097646,1.47082
-1.76476,0.424729
2.86587,-2.09202
-0.788786,2.89677
-2.24106,-2.52128
0.165751,-1.56022
0.796723,1.30821
-1.76027,3.49849
0.947931,1.18753
5.07893,-0.57692
0.973974,0.78512
2.21956,0.854142
1.08687,-1.80296
0.69145,3.95074
1.74893,0.528901
-2.26995,-2.40481
2.40371,2.94191
2.34366,-0.771362
-4.50544,0.0581894
-1.98505,-0.200625
-1.33312,-0.672115
-0.296577,2.3337
1.79637,0.498813
-1.02321,1.5038
-2.57433,-1.70273
1.40632,1.93512
1.39191,-0.225635
-0.687709,-1.79387
0.879516,-2.32269
-0.55687,0.774362
2.65239,1.51386
-0.482698,-1.20339
-0.509993,1.52932
0.147719,-0.300687
-0.0251741,0.266932
-0.00743934,-1.47587
-0.642543,0.211288
1.1807,2.6567
0.426653,-1.84441
-0.56403,-0.801263
1.97103,1.34397
-2.4315,2.08708
0.632953,-2.13353
-1.65308,-0.242808
-0.72069,0.852238
-0.0677911,1.50533
2.66548,-0.854711
-0.10139,-1.12142
2.15335,-1.4805
2.40395,0.170409
0.501085,-2.34558
-3.08306,1.20194
-0.926851,0.11517
2.11629,-1.52876
-0.696571,-0.279233
2.03744,1.57641
0.851914,0.991772
1.06741,-2.2941
-0.0664629,1.5413
1.21288,0.489035
1.41751,0.0930709
-1.67245,-0.255887
2.05735,-1.50337
-0.204952,-1.91486
-0.405755,0.604875
1.4855,0.953864
2.77023,-1.42979
0.679878,0.395053
0.603267,1.42177
-1.2687,2.28239
-1.02832,-1.07158
0.660538,1.30329
-0.989013,-1.17062
-2.40801,-1.96914
2.34762,0.636767
3.38433,1.03616
0.215513,0.776251
0.230088,-0.32512
1.66647,-0.199304
1.40764,0.182125
0.587486,-2.49138
-0.352198,-0.598643
-0.533113,3.35066
-0.231936,4.08196
1.11635,-1.01755
0.607246,-0.485469
0.244924,-0.569403
0.0214705,-3.70304
-0.0114822,-2.28556
-0.908046,-0.724456
-0.330116,-0.285724
1.06143,-1.26404
1.35984,-0.0827208
0.984317,-1.04255
-1.1998,1.91496
-1.09766,-1.58949
1.03682,-0.214467
-1.6873,-2.05522
0.492821,1.34564
-0.509014,-1.88283
2.64638,-0.415849
-0.710614,0.387036
0.855163,1.00096
-0.369295,-0.239443
-0.183135,1.01669
2.8142,0.310382
-1.41985,0.839646
-0.35844,3.49499
0.987268,1.01299
-1.43666,-0.401977
1.58082,-1.28069
-0.370649,1.0081
-0.13862,-0.0885849
-0.288536,-0.688651
2.04214,-2.60689
1.39187,-2.44067
1.00323,1.1734
-0.235743,0.998326
1.32656,-1.62696
-1.22081,-1.93852
2.70984,-1.94243
-1.23645,1.32689
-2.45582,0.524171
-0.0342738,-0.138536
-0.149899,0.147567
-2.28851,0.751771
0.93366,0.978246
-2.65325,0.501118
-0.0631861,-0.918183
0.104029,-0.627192
0.197223,0.541571
1.08229,-0.372124
-1.47254,1.12463
1.73978,-0.110478
-0.0200078,-1.32509
-3.71195,0.733201
-0.074054,-1.82785
0.561882,0.300456
-0.791086,-1.52674
-0.168345,-0.400321
-1.12045,0.512692
1.68759,-1.52498
-0.486491,-1.52582
-0.414085,-0.51041
1.47153,0.34556
0.771566,-1.66652
-1.47275,0.660211
0.993617,-0.154375
0.0350794,1.24708
-3.6546,0.0450392
-1.45187,-1.06127
-2.19822,-1.12162
-0.719717,-2.02667
-0.297621,2.19485
1.57663,1.42204
2.17667,-0.128131
0.352389,-1.09426
-0.975231,0.10301
1.7446,-2.24245
-1.10962,0.0849512
-0.311938,-2.15944
-1.71518,-1.8806
1.57801,-0.897486
1.34609,1.26182
-2.61493,-0.95324
0.675829,-0.5386
-0.738307,-0.575008
0.530348,-1.83491
1.52589,-3.18226
-0.322851,1.16959
-2.32987,-3.31957
2.07027,-1.65234
0.875245,-0.0802375
-1.69233,0.637379
0.496892,-0.272901
0.0808956,-0.604706
1.74239,-1.8487
0.681792,0.909727
2.5886,-1.43155
0.559078,-2.29835
0.179715,-0.636517
1.04109,-0.286736
1.38052,-0.0300481
0.667667,0.839126
-0.828414,-0.334058
0.105202,-0.345024
0.24463,0.628421
3.82479,1.45369
0.424444,-0.699003
0.794828,0.695696
-2.03835,-0.0798233
-2.37293,-1.36636
-1.3798,1.01261
0.727511,-0.180626
-0.115514,-1.05837
2.06908,2.93952
-1.44544,1.02805
-0.924597,-0.62281
0.521171,1.47967
-1.46775,-0.614822
-1.19458,0.210457
-0.48931,0.141355
0.549342,0.390761
-1.95527,0.36944
-0.257805,-0.538208
0.924133,-0.67689
-0.705276,-0.0492742
1.19381,0.347317
1.13032,0.362412
1.77639,0.264291
-0.430438,-0.309628
1.99615,-0.522929
-0.91608,0.246292
1.53047,0.648934
-0.772623,-1.33471
-1.92203,-0.00530123
0.513314,-0.776495
-1.23253,-1.5713
0.207131,0.322946
-1.49964,-1.15045
1.5491,1.52092
1.42646,0.907027
-0.553508,-1.09862
-0.945688,1.00677
0.205611,-0.403209
-0.214624,-1.15179
1.30285,1.17548
1.5648,1.1304
-1.31573,-1.00916
-1.41596,0.719942
4.557,-1.38562
-1.22938,-2.69195
-2.0995,-1.92381
0.292578,2.22289
3.198,1.32707
-1.5507,-0.209119
-0.292725,-2.13188
0.222955,-0.297974
-0.900498,-1.73636
0.766872,1.03948
2.13356,0.62153
-0.525033,-0.524534
-0.51353,0.958441
0.651763,-1.64881
0.297525,3.41892
-1.35403,-0.560808
-0.605185,1.72855
-0.151983,-0.0918808
3.46679,-1.78061
-0.129841,-0.164096
0.576916,0.918037
-0.492079,0.0168357
-0.790296,0.903306
1.57841,1.68518
0.356796,-0.709963
-0.155564,-0.796721
-0.366654,-0.270996
-0.605778,0.807889
0.488414,0.204136
-0.239503,-0.200782
-0.6698,-0.580543
0.320709,1.55298
-1.06166,0.967515
-1.48728,-1.51087
-1.16719,0.183965
-0.149649,1.52971
1.62988,-2.32511
-1.29043,0.214735
-0.287451,-0.133032
0.466102,1.83867
0.733355,0.241094
0.520121,0.735368
-1.53319,1.25979
0.397081,-1.71193
0.238437,-0.288747
2.38624,-1.38734
1.34008,-0.937196
1.65891,-0.331273
0.920143,2.14459
-1.36616,-0.173301
-1.42712,0.968627
0.124583,-0.452948
-1.12799,0.4082
-0.400053,-1.29021
1.94066,0.321832
-1.64723,0.631547
0.67661,1.23221
-0.695129,-1.88115
-0.19889,0.497748
1.1921,-1.49822
-1.71416,0.0990129
3.4313,1.44026
0.139582,0.890363
0.656705,-0.151423
0.282076,0.0791098
-0.837651,1.13603
0.810419,-1.14663
0.422613,4.18864
3.75132,-1.86494
-0.200085,0.505087
0.856331,1.13914
1.13156,-0.554075
-0.205501,2.91579
-3.31503,-1.19204
1.20103,-2.59502
0.127832,-0.289675
-0.260867,0.742663
-0.823077,1.23812
-0.454863,-1.23453
-2.11391,-2.3296
1.27288,-2.59953
1.49187,-0.520759
-1.0026,-1.60336
-1.2574,0.849181
0.580189,-0.593446
0.151612,-0.331509
-1.85351,-0.716171
-0.589366,0.596935
1.06091,-0.335558
1.96709,0.0130908
-1.04261,-2.90665
0.85378,0.284829
0.918574,2.6894
2.01882,-0.38537
-0.052112,-0.738916
0.0623496,0.00689381
-0.171891,-0.689844
-0.279954,2.74231
-0.487081,-0.838685
0.221809,1.03052
0.0681931,-0.270055
2.5804,-0.760231
0.558099,-0.682453
-0.594041,-0.0887263
0.0271005,1.65538
-1.13546,-0.607622
-0.992022,-2.51499
2.14831,-0.363325
1.83905,-2.53524
0.770991,-0.39089
-0.374835,-2.16653
0.82955,0.190984
2.0001,-0.662526
-1.45257,1.84238
-2.45304,1.28936
-1.43998,-0.316951
-2.99753,-0.985971
3.24397,-1.10504
-0.0350629,-0.995396
-0.452183,-0.901026
-0.144931,2.59935
-1.42543,-0.508173
-0.36158,1.2752
-0.444666,1.46754
-0.629031,1.11466
1.29232,-0.987696
0.771129,-0.202907
-1.21754,1.76938
1.899,1.18257
-4.42756,0.733556
-0.776404,-1.01821
-0.751671,-1.37232
2.66113,-0.451299
-0.30199,0.270464
1.89571,-2.03022
0.867886,-0.635346
1.21081,-1.72172
1.2829,-0.167104
0.634578,2.20876
-1.24574,-0.224671
-0.105639,0.349402
-0.580781,-1.11678
-0.191057,-1.06521
-0.366903,-0.312533
0.00262994,-0.636733
0.550064,1.62833
-0.227233,-1.69751
-0.108224,-0.480206
0.988661,0.158415
0.105647,-0.250159
1.73021,0.140849
-1.07137,2.63763
-1.02142,0.321215
0.469089,-0.39729
0.181924,1.75253
0.565171,-0.155967
1.04601,-0.786701
0.205448,-0.878358
-0.871547,-0.0534592
2.30167,1.13327
3.97206,-0.965335
0.305425,-1.4808
3.10912,-1.93116
-3.48746,-5.7263
2.87235,2.1924
2.92414,1.95055
-0.144312,-1.58439
-1.8335,1.25394
-1.80726,-2.54755
5.86291,3.19023
1.06061,3.32967
0.456093,3.0264
-0.541765,-2.50117
0.367567,4.69045
-1.72756,0.252398
0.389158,-0.449017
4.77431,0.77592
-1.00479,-6.92391
-1.6449,6.19617
1.97926,-1.27198
-2.75793,-2.78668
-1.92692,0.590406
-0.580253,2.4317
5.42377,-0.83567
2.57873,-1.82366
6.28487,0.955536
-0.768183,0.122531
0.728703,-0.824143
-3.62405,-5.85346
8.99982,4.14727
2.84483,-4.71223
1.23317,-3.05794
-0.424082,-4.36276
-0.910543,-2.03668
0.82333,3.28411
-3.5003,-0.400727
-2.21325,1.98917
-0.409523,7.19295
-4.40824,-2.24671
-3.62446,0.187134
3.16498,2.80861
0.691594,-4.57921
-1.68748,-4.9962
0.32085,0.0702047
-0.23813,-2.65091
5.1533,-1.55901
-0.860234,-1.37626
0.938689,2.00373
1.56685,6.05351
-1.01236,5.08306
-3.84231,0.867275
-6.31892,-2.43294
-2.51175,-4.62464
-5.11834,1.3141
2.79839,-3.15102
0.539953,2.72861
9.00655,3.54423
-1.48732,-2.19328
-0.995876,-3.06081
1.25476,6.80179
-1.99794,2.77009
1.84924,1.25442
2.30234,-7.57144
-4.59285,-3.10595
3.0019,2.15365
-2.2275,-0.0559882
-7.69481,-1.69343
0.810614,-3.44581
0.886792,-0.943489
-5.41848,-0.356783
-0.0302498,-0.177024
-0.882372,-0.162412
1.72199,-2.17404
2.51132,5.99761
-0.835266,-2.16333
2.62988,-2.55879
2.7444,2.27617
-0.225969,-1.03937
-1.90272,1.92518
-0.613726,-6.02645
-0.334789,0.0760042
-2.10577,-3.44367
-0.332836,-0.029404
1.73647,5.39141
4.54976,-4.83231
3.25776,-2.94586
3.55001,0.998492
1.11303,-1.07857
2.22238,-5.83801
-2.44356,6.26817
6.10615,-3.26803
-1.77632,1.9049
0.335328,5.50525
0.693875,0.468653
3.20618,-4.30918
-1.05412,3.88077
4.42016,-1.7312
-5.73842,-0.986519
0.274678,-5.55826
-2.29189,2.73457
1.24155,2.10927
-9.33951,-0.433381
-2.07181,-3.62899
12.0206,-2.24871
0.405907,-3.24634
-1.62926,-1.53972
8.94569,-2.12496
-3.20212,-2.05731
3.26331,8.64542
2.50302,-2.04105
-6.31108,-0.815918
-3.7922,-3.38793
-3.07854,-0.898823
-1.57147,-0.329915
1.44503,-1.0977
1.63504,1.61115
1.07351,1.0618
-1.37579,-2.56835
-1.45447,0.541462
4.35152,1.23978
2.50098,1.9346
5.39937,-2.47092
-1.16634,2.08548
-2.56406,-3.06443
7.21815,-0.326043
5.86688,3.50219
-2.06229,2.47737
0.911694,7.51513
5.9857,0.244545
-2.88377,3.81286
2.0029,-0.473462
1.24467,-2.24979
-3.32611,-0.353614
-2.21363,3.64939
-1.31523,5.09882
0.617361,2.89323
5.86416,-1.87845
1.15272,-2.92005
1.68528,4.1932
-3.1166,2.55219
4.0078,-8.41094
0.753364,-4.47709
3.63461,-0.497867
-2.16165,1.00675
-5.54891,-3.23915
-5.2816,-5.0857
-1.51868,2.01272
3.50822,0.664431
-4.17206,-4.28416
-1.66802,2.86562
-6.39462,-0.786284
-0.47697,-2.45992
0.310076,-2.0462
-6.0951,-2.88486
2.04187,-1.52773
1.40916,0.601513
-8.23699,1.08623
-6.37307,-0.297385
0.357952,-1.46965
1.85578,1.15288
4.49588,4.95223
3.53157,-0.00703043
1.56111,-0.119367
0.616142,7.32927
-0.615371,-3.06474
-0.483928,2.51254
0.0860676,2.24475
1.87436,4.72291
4.48882,0.991044
0.786959,6.022
0.74705,6.22563
-2.04587,-1.69107
1.63575,-0.104078
-5.58889,6.22755
-0.137717,-0.871448
-0.784752,3.17068
-4.64801,8.71885
2.58783,-5.05362
1.00938,5.59645
0.572927,-4.20266
-1.60476,-0.813521
-0.143834,0.706306
-0.683564,0.0398531
-0.319193,-0.148004
7.14761,2.69635
2.12935,1.6266
1.95726,1.55639
-5.0012,0.0897731
-3.33385,-1.44931
1.21935,-7.40342
1.70562,-7.46007
1.41991,3.18535
-3.01,3.14032
0.786285,1.33183
-0.560629,1.78664
1.54394,-2.83965
-0.858883,4.58152
-1.98617,2.24279
-3.0867,-0.483373
-3.2963,-6.04651
-1.9984,-1.859
0.534685,-3.72639
-3.8142,3.73028
-0.991307,3.66546
3.1343,-0.583646
0.404309,1.63826
2.31826,-4.10681
1.78836,-1.22086
-0.00259043,-3.56136
-0.342575,-2.67058
1.44467,-1.81652
7.43081,0.101225
0.357207,-3.43712
2.27339,4.08759
-0.278079,4.23368
-3.71223,9.01455
7.34808,5.01311
1.4864,6.32172
-2.03649,1.31343
4.61681,-4.96499
3.66327,2.37231
-0.847851,-3.27702
5.76226,4.50564
-0.984065,2.15046
0.31156,1.17983
3.77306,7.62766
7.71719,5.6731
6.81308,-2.84057
2.1181,1.63563
0.711192,0.914285
-0.563801,-1.85316
-1.03737,-2.22066
2.04869,2.5431
-0.821977,6.51046
-0.260209,1.02636
-0.104127,-0.555057
2.52716,2.01316
-5.06247,3.3605
-4.21047,-2.21082
4.4193,2.29089
-5.2265,-1.24051
0.534989,4.96822
2.62336,3.18746
1.39915,4.96993
3.88225,-3.45372
1.57406,0.187597
-0.665927,0.983311
0.722757,0.882458
-2.65124,0.263812
1.14819,1.14113
7.73166,-5.50286
0.742261,-7.49467
1.6521,1.33146
3.21765,3.28849
0.794196,-0.944335
-4.7985,6.23316
1.34691,-0.802015
-2.46669,-0.0798451
3.78885,-1.81644
-6.23995,-1.3857
-0.306274,-4.66188
-4.75719,1.40648
-1.00304,-0.416875
3.32123,1.23277
2.06926,4.19128
1.0139,-1.72183
-4.2435,2.59492
0.293918,0.689603
0.440735,3.24221
-1.38235,1.17184
1.81244,0.682683
0.308374,-1.93301
3.87248,3.2175
-0.971081,4.50483
-1.07605,-0.876731
2.06529,5.66416
3.3145,0.937333
-4.59072,-4.34475
-2.06936,-0.41755
2.74599,-2.74904
-1.14271,0.360031
3.10091,-4.17241
0.562491,2.64408
5.34812,-3.01497
2.88402,0.924608
-1.79111,-0.312213
1.13005,0.579648
0.672097,0.295311
3.35186,-1.91462
6.6696,1.11233
-1.29255,0.985671
-2.96596,5.13807
3.93821,7.45314
1.02482,-2.9218
-1.53639,-0.574263
2.0919,-2.6185
5.14922,-3.72545
0.908329,3.46231
-2.55345,-0.112775
-0.0432106,-0.419221
0.40092,1.49243
-0.66889,-3.22967
-1.54781,-0.971387
-4.60498,-0.782327
7.40089,4.41473
-1.76113,-6.81835
1.03875,-3.93203
-3.89002,-1.72536
1.86984,3.45045
2.77521,-2.01401
1.49606,-2.18064
2.92119,7.34835
-2.31034,-1.78954
-3.12412,-0.364598
0.57898,-4.2599
-0.560873,0.578486
4.60861,0.184604
-1.14347,5.53713
2.87855,-0.61394
3.22752,-2.29633
0.47498,-2.69185
1.3003,-4.63952
-2.49375,1.74443
-3.52789,-0.237715
-4.32703,0.842137
-2.87608,1.62641
-4.57836,-0.553099
-5.93176,-3.58248
0.338583,1.54882
0.316661,0.222632
-6.13136,5.69738
2.15162,-2.0536
1.39513,-4.8795
0.678699,5.61355
1.95543,-4.07683
-2.17683,4.22196
0.311056,-2.48814
-1.36951,-1.89413
4.60987,0.182285
-0.667779,0.380759
2.32254,-6.51177
-4.56275,4.21695
-1.69108,0.346572
-3.1781,-2.9514
5.70932,-4.10505
-0.508108,-6.3902
-0.288956,3.29243
0.822632,-1.87566
0.643062,1.36824
1.04705,4.3827
-0.135989,0.494266
-6.52408,1.94416
-2.31073,5.23828
-0.367296,5.81511
-5.48774,7.91593
-3.9936,0.829612
0.59426,5.27443
-1.44807,6.11567
0.573013,3.85228
-0.739152,-1.64442
0.577513,-3.57265
0.00400005,-1.85634
2.93829,2.84682
5.41429,0.119925
-3.78157,1.52328
0.0547208,4.09184
-0.590935,-0.543893
-1.10944,-2.59935
-3.91762,5.04172
-2.06953,-3.83994
-2.18298,-4.73458
-0.56166,-4.11914
1.23714,0.490151
1.55209,1.71783
-2.86386,-4.44005
4.4254,5.90645
-0.404468,-1.10205
-3.49197,1.48896
-5.84496,1.2204
1.71879,2.35017
-0.689139,0.661795
-1.96125,6.32675
-4.51671,-1.1459
-0.967706,-4.35305
2.29838,0.564462
0.966868,-1.8903
3.34603,-0.362528
0.680729,7.45964
-1.73647,-1.86673
-7.76553,1.3907
1.4353,-2.81361
2.71838,0.0902794
-2.71297,1.97612
0.0807157,-0.107689
-0.621834,-3.48892
2.65229,-3.18392
-1.23438,-1.26995
2.42397,4.73776
-3.00197,-1.68123
2.18436,2.97478
4.55372,-1.66537
-5.4151,-3.38775
-0.824544,4.29935
-6.81645,-2.23117
3.59598,-0.586574
0.0517542,4.11193
4.11705,-1.66274
-3.81667,-1.89734
3.78008,-4.03087
-5.85195,4.22732
1.72745,2.26051
0.57494,-7.69066
1.84496,-1.61683
7.17268,-0.951617
0.601787,4.24729
0.958265,-0.57856
-0.576647,1.35961
3.00672,2.22591
-5.39303,-0.152007
-2.13862,5.65148
6.74798,2.76609
4.09062,1.2687
0.632246,-0.769593
0.280435,-1.29337
-2.81248,-0.554736
-6.20247,-0.173834
-0.212708,-5.85278
2.04059,1.04528
4.83888,-1.95452
0.412385,4.15115
-1.40191,1.26858
-2.76444,-6.92752
3.1713,-4.1107
1.14772,5.59487
-3.15398,1.87156
2.22718,1.98149
0.77279,3.75337
-3.92841,0.318787
3.68337,-3.26162
0.28779,0.422307
3.33605,2.16298
-1.74266,-7.07626
2.68985,-0.702892
-2.66323,-1.67741
3.99875,2.33055
-4.20954,-0.161458
-4.42613,-0.861446
-1.69952,4.45987
-4.48776,-0.763314
-0.372207,2.66543
2.49435,3.47423
-1.08517,3.44248
-1.27581,-4.16389
-2.56063,-2.25602
-1.44385,2.96221
3.92576,-1.785
1.11276,0.760773
-6.13267,3.42006
7.1458,-2.58371
-0.928359,-2.82804
1.85261,-0.896816
-3.08235,-6.86977
-0.888424,-2.3318
0.137061,-0.635515
0.503511,-0.00179871
0.572965,-1.2314
6.02202,1.0409
-0.0695743,-2.37327
-4.85934,-7.39384
-10.8146,4.27265
-1.25559,-3.31229
1.85326,-0.379303
0.942076,-3.7195
-0.971601,3.92002
0.606143,-0.762974
-2.86707,3.70169
-0.745438,-0.168182
-0.55567,0.488981
-3.10945,6.75538
1.8864,-0.708761
-2.75325,0.522294
3.24048,-0.110717
1.46125,1.55677
0.98272,1.17779
-2.66356,4.13954
0.535289,0.0900523
-0.561442,-0.463135
-2.09125,-0.100761
-0.804084,5.47373
-0.0519587,-1.14277
-0.00717427,-0.867056
1.10379,-2.27763
-3.05947,1.22634
-2.07962,-0.812043
0.690043,2.64908
-1.1956,-4.2758
-1.70091,-1.85702
-0.435977,-2.2351
-0.402499,4.23659
-5.07569,-1.57796
4.33174,-2.89385
3.24585,-0.472392
1.26957,1.75313
4.51005,-2.90572
-1.59731,-4.78671
2.14706,2.84523
-2.18789,2.9407
-4.23735,-3.27863
2.25025,0.726375
-1.61031,-1.84917
-2.98251,3.75095
3.49455,0.403575
-1.34711,1.695
2.56308,-0.00085711
5.84567,1.96673
-1.64267,4.29414
-0.583692,-2.95393
-0.223918,1.30332
-0.290349,2.03492
0.985139,-0.506487
-5.73697,-4.45681
0.0987844,0.584489
0.908773,1.24594
-2.01426,-8.68957
2.94184,3.41972
1.55701,0.501447
0.422435,-0.50525
-1.84505,0.573186
4.56269,-1.80729
-7.84326,0.891776
-2.65596,1.50066
1.37967,-1.45263
-2.01079,1.98835
-6.15672,-1.98823
-1.2507,1.39245
3.57497,-0.778436
-3.96167,1.1943
0.835554,2.37858
-4.81097,2.40822
6.6405,-4.33753
-1.9794,0.761523
-1.18404,3.74736
-0.873964,7.17433
-2.08424,-1.59508
0.137734,0.892992
-2.61994,2.54842
-0.888329,-1.76601
-3.5658,-1.25059
-0.745185,1.77256
-2.1983,0.516051
-5.29829,2.16243
1.69953,1.89866
2.44019,-3.6567
-0.696433,-5.67772
3.8784,5.99617
1.85471,2.76136
1.35791,0.132667
0.926831,3.8362
8.04388,1.04739
1.32691,1.53407
2.01043,-3.61078
-1.99356,-0.844431
0.243579,-0.272157
1.97742,5.53785
4.96343,-1.01804
0.760685,-2.75278
2.66798,1.15401
3.00196,-4.69115
-2.3389,2.83639
2.20172,3.48139
1.95148,-0.226573
-0.186037,-0.614009
-0.870966,-1.37147
-3.89694,-2.72524
2.88209,-1.54159
3.79551,1.56887
2.81085,-1.87541
-4.06617,0.55892
-2.56835,3.39925
-2.25471,-8.90755
0.468532,1.65547
-0.994652,0.356741
-1.59358,4.42686
0.275554,0.940505
2.31612,1.08175
-1.96933,-0.435859
0.549271,3.28753
-4.40868,-1.39471
3.47049,-2.90016
1.50549,-5.35378
-0.0583759,-0.388372
-1.74828,-1.78311
5.29638,0.811872
0.710016,0.589197
5.78619,0.596071
-3.86668,4.3135
-3.00759,0.337737
0.931889,1.10745
-4.4703,-1.42322
-2.05602,-8.3474
-1.89032,-5.27839
4.67554,1.1844
-1.26622,1.82922
3.67781,-1.64788
-5.24319,-2.19629
5.03657,-2.68215
3.24296,1.32703
3.0758,0.365614
-1.30093,2.68216
-1.29641,0.805903
-1.70067,2.93287
-0.863145,-6.21721
1.30897,-2.6489
-5.19272,1.32961
-3.59328,1.18399
1.85155,-3.84934
-3.82382,-2.21799
-3.96987,0.478881
-0.571844,4.50615
5.17526,1.52196
4.17974,4.58333
-0.106726,-1.049
1.09067,-2.10005
-1.42105,0.176754
-5.98899,0.190115
-3.13363,-1.1849
2.91725,4.21151
2.20084,-1.02671
-3.35274,1.71846
-4.84038,4.62251
0.15457,-0.115345
-0.599685,3.75279
-3.14253,-1.05627
0.948673,-1.36698
-2.9922,3.86032
1.21406,-1.63056
4.09983,-2.52789
3.37397,1.14818
2.31713,-3.24063
1.61627,-0.764046
2.60702,-1.88434
1.95259,-4.63805
1.52397,-0.966113
-1.63782,3.53395
2.3105,0.105834
-3.47497,-4.39788
-1.46907,2.50116
1.24568,5.09619
3.56611,-0.517689
2.15094,-3.26422
5.10195,-0.370303
-2.09163,2.68075
1.58288,-5.40688
0.732943,2.05893
-3.56577,1.16739
-0.0774988,4.39851
6.0869,-1.74191
-1.79386,0.265206
-0.432421,-2.92422
4.38843,-0.180609
-1.08962,-2.45351
0.127926,2.45154
0.125924,-0.650956
1.46693,-2.17013
-0.379474,-0.0328238
-0.294648,1.70453
2.0428,0.11123
-3.58957,-2.74898
1.27754,5.29097
-0.781744,0.52852
5.15428,-3.62733
-4.57094,-1.73402
-2.24193,-0.358939
-1.38437,3.10372
-3.25537,-1.61961
7.48202,-2.35194
2.29349,-0.129289
1.61717,-0.21305
-0.774962,0.746133
-5.91171,2.02603
-3.0148,-6.28798
3.95428,3.72018
-2.42452,-3.13433
1.31651,0.377454
2.21268,-2.79146
2.75302,-1.78321
-1.03134,1.93381
3.15313,-3.42723
-0.905345,-1.38955
2.19517,3.32815
4.65468,-2.14186
4.99618,-1.3581
1.76115,0.578255
-0.124999,7.27238
-1.28085,-1.259
-1.77456,-0.530795
1.98104,1.46516
-1.01756,-2.23009
-4.36875,-4.25998
-1.73747,4.33891
-0.293883,2.77165
1.54429,-8.47278
-0.845562,4.05718
-3.82436,-3.28483
-0.421539,-1.40634
-5.7303,2.32389
1.03424,-2.1582
-4.51975,-0.192378
1.94712,-2.28561
-2.51386,0.0927336
1.22149,-0.95974
-4.06168,-1.52182
0.12888,8.51447
-4.64379,1.65655
2.07694,4.65208
2.92448,4.28914
-1.36745,0.560526
2.29295,5.39793
1.40692,-0.276979
-1.3244,6.04251
2.1367,1.56932
-1.42709,2.01974
-4.07364,-1.07029
3.85873,-3.04235
2.92439,2.73352
-2.58588,-0.715718
-2.13119,3.30181
-1.6176,0.136898
-2.43753,0.286132
1.28259,-1.2997
2.03103,-3.67754
-2.95409,2.40842
2.52785,-0.950253
2.06761,-0.0809443
1.26995,-0.505546
2.0951,-1.12197
2.00263,2.00988
-5.7104,-1.91573
-4.96095,-3.77102
0.554183,-0.411113
-4.34834,2.15505
-1.86248,-2.81754
-6.2494,0.119993
-1.31629,-1.24194
-1.39711,-3.81796
0.406844,2.40868
0.0297617,-4.49962
2.80099,0.558298
-2.46924,-8.31457
-0.0664535,-1.41519
2.16637,0.700275
-0.241449,-3.31198
-2.60855,-2.81081
-1.32147,0.849011
4.6642,-2.97921
-2.49422,-4.44574
1.86615,1.37033
6.3637,-1.69551
0.232789,3.83509
-3.9496,-1.055
-0.861709,-0.500839
-0.935845,-0.325317
1.21675,-0.644482
-4.38142,0.804781
5.49368,-1.09151
2.09659,1.50315
-2.8014,-0.613418
-0.104824,-0.394024
-0.223421,-4.9195
0.285266,-3.16792
-1.76838,2.70963
-6.26564,-7.73022
4.19679,0.390636
0.818238,3.03579
-3.9367,3.24998
5.60019,-0.132478
-1.11908,1.43787
0.831953,1.46269
-1.78758,-4.50574
-3.93826,2.04157
0.0609126,-6.29023
2.60081,-3.14143
1.06194,-0.998094
-4.13963,0.19856
1.46365,1.49629
0.934007,3.71918
6.2522,-1.62814
4.72745,0.295042
3.75037,-8.3006
4.07039,-4.2582
2.43124,1.33132
-6.43133,2.78211
-2.34734,6.60974
1.19783,4.546
-0.315867,-4.53646
5.99248,1.85215
-2.36827,-0.399068
5.47535,2.25154
0.263064,-3.75948
4.50466,-1.27807
-4.60843,1.87372
-4.44928,-1.04162
-0.793897,1.95462
-7.26735,-0.198652
4.00408,0.684261
5.29156,0.449243
-2.05138,2.94763
-1.08571,-2.49023
-1.58983,-0.801221
-0.75966,-4.6907
-3.64028,6.08491
-1.52496,-0.774609
2.7624,3.4258
-3.05609,0.931766
1.45129,6.75284
3.62461,1.62642
-2.88352,1.74029
7.12979,-4.12249
-0.881752,-2.97656
1.71535,-0.426646
-1.40932,-2.72925
4.7951,-3.90946
-0.991201,-3.86807
3.24775,-2.11747
4.32512,0.28757
-2.70038,0.694871
-1.11452,-3.41654
2.96239,-5.72523
3.06871,4.17681
-0.595242,-1.4147
1.4388,4.31266
0.193157,-0.0517279
0.660074,-2.02508
3.02353,1.07264
-2.38899,-0.358798
-1.25677,4.36124
1.04318,1.98574
0.199256,3.4026
-1.62623,-1.13081
-1.14123,0.672326
2.93504,2.47042
2.82976,-4.49326
-2.71943,-6.27001
1.11946,1.85402
0.517028,7.63416
-5.64702,-1.66911
-2.51817,-4.52333
0.086728,1.99544
-0.013147,-1.1632
0.962363,1.46731
-0.782892,0.205559
1.18027,1.97207
2.12699,2.83969
6.29813,-0.183543
-3.44859,3.39057
-5.3673,-4.38865
-6.47026,5.45203
-1.47637,3.1734
6.29862,-1.28195
0.613652,1.9828
4.17014,1.29151
-0.620472,2.7626
-3.29985,4.162
2.81382,4.65915
3.59344,2.36378
-0.00848672,-7.97948
-3.42161,4.02076
-4.10571,-0.82603
-1.04597,-2.06716
1.95174,3.25854
0.920582,2.77615
0.221598,2.13904
-3.57881,1.74012
-0.743689,-4.72654
1.81446,1.43052
1.66579,3.17377
2.53458,-7.70301
-8.1874,1.18926
0.3488,-0.749746
-2.01328,-0.838028
1.02177,0.801505
2.24519,-2.79714
-1.06052,-4.82127
0.0762526,-4.54836
4.68104,0.133084
-1.87012,-2.17678
2.89708,-3.34556
-2.15026,-2.36898
-2.6609,2.15069
-0.89787,4.01205
-5.08556,4.95854
2.33373,0.280509
-3.18927,-0.257754
2.55066,-2.31414
5.24005,7.26961
-2.15519,1.80579
-1.53902,1.48415
-2.24739,1.84698
2.6023,3.95446
-0.174806,-0.925628
-0.231303,-1.32193
2.17425,3.38046
3.37075,-0.358262
2.10353,4.00114
-6.64572,-5.64467
-1.59027,-1.29729
-1.72171,5.23173
4.5364,7.66585
-1.66711,-4.49048
-0.283144,-0.482312
-5.10252,-1.98136
0.836237,-1.46774
-5.19447,3.46501
1.03299,-2.28091
-0.751887,0.850722
2.67794,0.469591
0.788934,-0.181011
-4.44219,3.91351
-4.21215,-2.05202
-1.27871,-2.52121
-3.9431,-1.37741
0.538072,-1.64201
2.00683,-3.2698
-2.60629,1.32111
-1.87405,-1.0611
3.54345,2.43468
-4.6718,-3.02934
3.23114,1.07866
2.01071,-0.555226
0.213705,1.51423
-1.80565,1.85481
4.05621,1.44185
4.45741,4.06526
-1.31889,0.664605
2.39553,-6.59624
1.98329,7.68696
1.42842,-4.87776
1.57155,5.9665
-0.166653,1.49063
-0.383637,3.61113
-2.47498,1.51841
8.82365,-1.7117
-0.870486,-3.47544
3.82663,1.22831
-6.45116,0.77283
-1.38631,0.183152
3.61756,-1.24414
8.31389,-5.83624
1.95178,-3.26063
2.02433,6.95792
-1.62963,-4.37696
5.01287,2.92818
6.33649,-0.161538
-1.84455,3.57147
-0.980349,-0.110966
-1.04997,2.25717
-2.72978,0.207282
2.12298,-2.12815
-2.47353,-2.90205
-2.67819,1.90225
-0.123395,4.72608
-0.545724,3.48543
-1.47703,4.36326
-1.17329,0.565914
3.77371,1.72226
3.86398,5.09038
0.690366,3.31383
-3.54019,0.582323
1.64531,4.3839
-3.66089,0.760445
-10.0111,-0.714728
0.341099,-4.76458
5.90764,-7.91429
1.64688,-1.29538
3.12117,0.400229
-2.84304,-0.773449
-6.18767,-5.04733
-3.41418,1.53871
0.640555,4.70824
-1.09041,-0.937704
0.451853,-1.71298
-1.32205,0.0970858
4.34831,1.11745
6.66443,0.728446
0.723493,-5.28051
5.27484,4.7201
1.57296,-0.352111
0.397278,0.790591
-0.611443,-4.22664
0.644819,-2.18683
3.10922,-1.01928
0.605132,2.1064
-2.47368,-2.88133
1.10808,0.558409
0.616875,2.90356
0.480478,-0.570337
3.76145,-0.743855
1.63401,-2.14406
0.843498,0.122234
3.84907,1.32909
8.03566,-1.23693
2.02675,-4.05126
5.56703,-3.57421
